dbo,activeIngredients,activeIngredientId,int,10,NO,YES,NO
dbo,activeIngredients,name,varchar,50,NO,NO,NO
dbo,activeIngredients,subCategoryId,int,10,NO,NO,NO
dbo,activeIngredients,is_principal,varchar,10,YES,NO,NO
dbo,addresses,addressId,int,10,NO,YES,NO
dbo,addresses,street,varchar,500,YES,NO,NO
dbo,addresses,postalCode,varchar,10,YES,NO,NO
dbo,addresses,city,varchar,200,YES,NO,NO
dbo,addresses,state,varchar,200,YES,NO,NO
dbo,addresses,createdAt,datetime,NULL,YES,NO,NO
dbo,addresses,updatedAt,datetime,NULL,YES,NO,NO
dbo,buyOffers,buyOfferId,bigint,19,NO,YES,NO
dbo,buyOffers,sourceType,varchar,10,NO,NO,NO
dbo,buyOffers,sourceName,nvarchar,200,NO,NO,NO
dbo,buyOffers,supplierSku,nvarchar,100,YES,NO,NO
dbo,buyOffers,titleRaw,nvarchar,500,YES,NO,NO
dbo,buyOffers,buyPriceOriginal,decimal,18,NO,NO,NO
dbo,buyOffers,currencyOriginal,char,3,NO,NO,NO
dbo,buyOffers,buyPriceUsd,decimal,18,NO,NO,NO
dbo,buyOffers,fxRateToUsd,decimal,18,NO,NO,NO
dbo,buyOffers,fxAsOfDate,date,NULL,NO,NO,NO
dbo,buyOffers,minQty,int,10,YES,NO,NO
dbo,buyOffers,leadTimeDays,int,10,YES,NO,NO
dbo,buyOffers,shippingBuyOriginal,decimal,18,YES,NO,NO
dbo,buyOffers,shippingBuyUsd,decimal,18,YES,NO,NO
dbo,buyOffers,taxBuyOriginal,decimal,18,YES,NO,NO
dbo,buyOffers,taxBuyUsd,decimal,18,YES,NO,NO
dbo,buyOffers,offerTimestamp,datetime2,NULL,NO,NO,NO
dbo,buyOffers,unifiedProductId,bigint,19,YES,NO,YES
dbo,buyOffers,createdAt,datetime2,NULL,NO,NO,NO
dbo,buyOffers,updatedAt,datetime2,NULL,NO,NO,NO
dbo,cashRegisterMovements,movementId,int,10,NO,YES,NO
dbo,cashRegisterMovements,sessionId,int,10,NO,NO,YES
dbo,cashRegisterMovements,companyId,int,10,NO,NO,NO
dbo,cashRegisterMovements,userId,int,10,NO,NO,NO
dbo,cashRegisterMovements,movementType,varchar,20,NO,NO,NO
dbo,cashRegisterMovements,amount,decimal,10,NO,NO,NO
dbo,cashRegisterMovements,incomeId,int,10,YES,NO,YES
dbo,cashRegisterMovements,notes,nvarchar,250,YES,NO,NO
dbo,cashRegisterMovements,createdAt,datetime,NULL,NO,NO,NO
dbo,cashRegisterMovements,cashPaid,decimal,10,YES,NO,NO
dbo,cashRegisterMovements,cashReturn,decimal,10,YES,NO,NO
dbo,cashRegisterSessions,sessionId,int,10,NO,YES,NO
dbo,cashRegisterSessions,companyId,int,10,NO,NO,NO
dbo,cashRegisterSessions,openedByUserId,int,10,NO,NO,NO
dbo,cashRegisterSessions,openedAt,datetime,NULL,NO,NO,NO
dbo,cashRegisterSessions,openingCash,decimal,10,NO,NO,NO
dbo,cashRegisterSessions,closedAt,datetime,NULL,YES,NO,NO
dbo,cashRegisterSessions,closedByUserId,int,10,YES,NO,NO
dbo,cashRegisterSessions,closingCash,decimal,10,YES,NO,NO
dbo,cashRegisterSessions,status,varchar,10,NO,NO,NO
dbo,cashRegisterSessions,openingNotes,nvarchar,500,YES,NO,NO
dbo,cashRegisterSessions,closingNotes,nvarchar,500,YES,NO,NO
dbo,cashRegisterSessions,autoClosed,bit,NULL,NO,NO,NO
dbo,cashRegisterSessions,expectedCash,decimal,10,YES,NO,NO
dbo,cashRegisterSessions,cashDifference,decimal,10,YES,NO,NO
dbo,categories,categoryid,int,10,NO,YES,NO
dbo,categories,name,varchar,100,NO,NO,NO
dbo,check_types,checkTypeId,int,10,NO,NO,NO
dbo,check_types,description,varchar,50,NO,YES,NO
dbo,checks,checkId,int,10,NO,YES,NO
dbo,checks,latitude,varchar,500,YES,NO,NO
dbo,checks,longitude,varchar,500,YES,NO,NO
dbo,checks,description,varchar,500,YES,NO,NO
dbo,checks,datetimelocal,datetime,NULL,NO,NO,NO
dbo,checks,checkTypeId,int,10,NO,NO,NO
dbo,checks,userId,int,10,NO,NO,NO
dbo,checks,street,varchar,500,YES,NO,NO
dbo,checks,postalCode,varchar,10,YES,NO,NO
dbo,checks,city,varchar,200,YES,NO,NO
dbo,checks,state,varchar,200,YES,NO,NO
dbo,checks,createdAt,datetime,NULL,YES,NO,NO
dbo,checks,updatedAt,datetime,NULL,YES,NO,NO
dbo,clients,clientId,int,10,NO,YES,NO
dbo,clients,first_name,nvarchar,100,NO,NO,NO
dbo,clients,last_name,varchar,100,YES,NO,NO
dbo,clients,cellphone,nvarchar,20,NO,NO,NO
dbo,clients,email,nvarchar,100,YES,NO,NO
dbo,clients,created_At,datetime,NULL,YES,NO,NO
dbo,clients,updated_at,datetime,NULL,YES,NO,NO
dbo,clients,companyId,int,10,YES,NO,NO
dbo,clients,phone,varchar,10,YES,NO,NO
dbo,clothesCatalog,catalogId,int,10,NO,YES,NO
dbo,clothesCatalog,companyId,int,10,NO,NO,NO
dbo,clothesCatalog,name,nvarchar,100,NO,NO,NO
dbo,clothesCatalog,group,varchar,20,NO,NO,NO
dbo,clothesCatalog,description,nvarchar,250,YES,NO,NO
dbo,clothesCatalog,sortOrder,int,10,NO,NO,NO
dbo,clothesCatalog,isActive,bit,NULL,NO,NO,NO
dbo,clothesCatalog,createdAt,datetime,NULL,NO,NO,NO
dbo,clothesCatalog,updatedAt,datetime,NULL,YES,NO,NO
dbo,Commands,commandId,int,10,NO,YES,NO
dbo,Commands,phrase,nvarchar,255,YES,NO,NO
dbo,Commands,action,nvarchar,100,YES,NO,NO
dbo,commission_terminals,commissionTerminalId,int,10,NO,YES,NO
dbo,commission_terminals,provider,varchar,40,NO,NO,NO
dbo,commission_terminals,terminalName,varchar,80,NO,NO,NO
dbo,commission_terminals,paymentMethod,varchar,20,YES,NO,NO
dbo,commission_terminals,country,char,2,YES,NO,NO
dbo,commission_terminals,commissionRatePct,decimal,6,NO,NO,NO
dbo,commission_terminals,fixedFeeAmount,decimal,10,YES,NO,NO
dbo,commission_terminals,currency,char,3,YES,NO,NO
dbo,commission_terminals,isActive,bit,NULL,NO,NO,NO
dbo,commission_terminals,validFrom,datetime,NULL,NO,NO,NO
dbo,commission_terminals,validTo,datetime,NULL,YES,NO,NO
dbo,commission_terminals,createdAt,datetime,NULL,NO,NO,NO
dbo,commission_terminals,updatedAt,datetime,NULL,YES,NO,NO
dbo,companies,companyId,int,10,NO,YES,NO
dbo,companies,name,varchar,100,NO,NO,NO
dbo,companies,createdAt,datetime,NULL,YES,NO,NO
dbo,companies,updatedAt,datetime,NULL,YES,NO,NO
dbo,companiesBranch,branchId,int,10,NO,YES,NO
dbo,companiesBranch,name,varchar,100,NO,NO,NO
dbo,companiesBranch,active,varchar,1,YES,NO,NO
dbo,companiesBranch,createdAt,datetime,NULL,YES,NO,NO
dbo,companiesBranch,updatedAt,datetime,NULL,YES,NO,NO
dbo,companiesBranch,companyId,int,10,NO,NO,NO
dbo,company_modules,companyId,int,10,NO,YES,YES
dbo,company_modules,moduleId,int,10,NO,YES,YES
dbo,company_modules,active,bit,NULL,NO,NO,NO
dbo,contractors,contractorId,int,10,NO,YES,NO
dbo,contractors,employeeId,int,10,NO,NO,NO
dbo,contractors,contractingCompany,nvarchar,100,YES,NO,NO
dbo,contractors,contractStartDate,date,NULL,YES,NO,NO
dbo,contractors,contractEndDate,date,NULL,YES,NO,NO
dbo,contractors,createdAt,datetime,NULL,YES,NO,NO
dbo,costRules,ruleId,int,10,NO,YES,NO
dbo,costRules,channel,varchar,20,NO,NO,NO
dbo,costRules,category,nvarchar,200,YES,NO,NO
dbo,costRules,feePercent,decimal,9,NO,NO,NO
dbo,costRules,fixedFeeUsd,decimal,18,NO,NO,NO
dbo,costRules,adsPercent,decimal,9,NO,NO,NO
dbo,costRules,returnsRate,decimal,9,NO,NO,NO
dbo,costRules,avgReturnCostUsd,decimal,18,NO,NO,NO
dbo,costRules,packagingCostUsd,decimal,18,NO,NO,NO
dbo,costRules,otherCostUsd,decimal,18,NO,NO,NO
dbo,costRules,effectiveFrom,date,NULL,NO,NO,NO
dbo,costRules,effectiveTo,date,NULL,YES,NO,NO
dbo,costRules,market,char,2,NO,NO,NO
dbo,departments,departmentId,int,10,NO,YES,NO
dbo,departments,departmentName,nvarchar,100,NO,NO,NO
dbo,departments,createdAt,datetime,NULL,YES,NO,NO
dbo,employeeProjectAssignments,assignmentId,int,10,NO,YES,NO
dbo,employeeProjectAssignments,employeeId,int,10,NO,NO,NO
dbo,employeeProjectAssignments,projectId,int,10,NO,NO,NO
dbo,employeeProjectAssignments,assignmentStartDate,date,NULL,YES,NO,NO
dbo,employeeProjectAssignments,assignmentEndDate,date,NULL,YES,NO,NO
dbo,employeeProjectAssignments,createdAt,datetime,NULL,YES,NO,NO
dbo,employees,employeeId,int,10,NO,YES,NO
dbo,employees,firstName,nvarchar,50,NO,NO,NO
dbo,employees,lastName,nvarchar,50,NO,NO,NO
dbo,employees,email,nvarchar,100,NO,NO,NO
dbo,employees,phoneNumber,nvarchar,20,YES,NO,NO
dbo,employees,address,nvarchar,255,YES,NO,NO
dbo,employees,employmentTypeId,int,10,NO,NO,NO
dbo,employees,position,nvarchar,100,YES,NO,NO
dbo,employees,departmentId,int,10,NO,NO,NO
dbo,employees,statusId,int,10,NO,NO,NO
dbo,employees,hireDate,date,NULL,YES,NO,NO
dbo,employees,endDate,date,NULL,YES,NO,NO
dbo,employees,emergencyContactName,nvarchar,100,YES,NO,NO
dbo,employees,emergencyContactRelationship,nvarchar,50,YES,NO,NO
dbo,employees,emergencyContactPhone,nvarchar,20,YES,NO,NO
dbo,employees,notes,nvarchar,-1,YES,NO,NO
dbo,employees,createdAt,datetime,NULL,YES,NO,NO
dbo,employmentTypes,employmentTypeId,int,10,NO,YES,NO
dbo,employmentTypes,employmentType,nvarchar,20,NO,NO,NO
dbo,employmentTypes,createdAt,datetime,NULL,YES,NO,NO
dbo,exchangeRates,exchangeRateId,int,10,NO,YES,NO
dbo,exchangeRates,fromCurrency,char,3,NO,NO,NO
dbo,exchangeRates,toCurrency,char,3,NO,NO,NO
dbo,exchangeRates,rate,decimal,18,NO,NO,NO
dbo,exchangeRates,asOfDate,date,NULL,NO,NO,NO
dbo,exchangeRates,source,nvarchar,100,YES,NO,NO
dbo,exchangeRates,createdAt,datetime2,NULL,NO,NO,NO
dbo,expenseDetailOptions,expenseDetailOptionId,int,10,NO,YES,NO
dbo,expenseDetailOptions,expenseDetailId,int,10,NO,NO,NO
dbo,expenseDetailOptions,productOptionId,int,10,NO,NO,NO
dbo,expenseDetailOptions,productOptionChoiceId,int,10,NO,NO,NO
dbo,expenseDetailOptions,created_At,datetime,NULL,YES,NO,NO
dbo,expenseDetailOptions,updated_At,datetime,NULL,YES,NO,NO
dbo,expenseDetails,expenseDetailId,int,10,NO,YES,NO
dbo,expenseDetails,expenseId,int,10,NO,NO,YES
dbo,expenseDetails,productId,int,10,NO,NO,NO
dbo,expenseDetails,created_At,datetime,NULL,YES,NO,NO
dbo,expenseDetails,updated_At,datetime,NULL,YES,NO,NO
dbo,expenses,expenseId,int,10,NO,YES,NO
dbo,expenses,orderId,int,10,YES,NO,NO
dbo,expenses,total,decimal,10,NO,NO,NO
dbo,expenses,paymentMethod,varchar,20,NO,NO,NO
dbo,expenses,paymentDate,datetime,NULL,YES,NO,NO
dbo,expenses,userId,int,10,NO,NO,NO
dbo,expenses,supplierId,int,10,NO,NO,NO
dbo,expenses,companyId,int,10,NO,NO,NO
dbo,images,imageId,int,10,NO,YES,NO
dbo,images,name,varchar,100,NO,NO,NO
dbo,images,location,varchar,100,NO,NO,NO
dbo,images,url,varchar,100,NO,NO,NO
dbo,images,id,int,10,NO,NO,NO
dbo,images,moduleId,varchar,100,NO,NO,NO
dbo,images,createdAt,datetime,NULL,YES,NO,NO
dbo,images,updatedAt,datetime,NULL,YES,NO,NO
dbo,income,incomeId,int,10,NO,YES,NO
dbo,income,orderId,int,10,YES,NO,NO
dbo,income,total,decimal,10,NO,NO,NO
dbo,income,paymentMethod,varchar,20,NO,NO,NO
dbo,income,paymentDate,datetime,NULL,YES,NO,NO
dbo,income,userId,int,10,NO,NO,NO
dbo,income,clientId,int,10,NO,NO,NO
dbo,income,companyId,int,10,NO,NO,NO
dbo,income,cashPaid,decimal,10,YES,NO,NO
dbo,income,cashReturn,decimal,10,YES,NO,NO
dbo,income,promotionId,int,10,YES,NO,NO
dbo,income,promotionCode,varchar,30,YES,NO,NO
dbo,income,discountAmount,decimal,10,YES,NO,NO
dbo,income,commissionTerminalId,int,10,YES,NO,NO
dbo,incomeDetailOptions,incomeDetailOptionId,int,10,NO,YES,NO
dbo,incomeDetailOptions,incomeDetailId,int,10,NO,NO,NO
dbo,incomeDetailOptions,productOptionId,int,10,NO,NO,NO
dbo,incomeDetailOptions,productOptionChoiceId,int,10,NO,NO,NO
dbo,incomeDetailOptions,created_At,datetime,NULL,YES,NO,NO
dbo,incomeDetailOptions,updated_At,datetime,NULL,YES,NO,NO
dbo,incomeDetailOptions,quantity,int,10,NO,NO,NO
dbo,incomeDetails,incomeDetailId,int,10,NO,YES,NO
dbo,incomeDetails,incomeId,int,10,NO,NO,YES
dbo,incomeDetails,productId,int,10,NO,NO,NO
dbo,incomeDetails,created_At,datetime,NULL,YES,NO,NO
dbo,incomeDetails,updated_At,datetime,NULL,YES,NO,NO
dbo,incomeDetails,quantity,int,10,NO,NO,NO
dbo,incomeDetails,piecesJson,nvarchar,-1,YES,NO,NO
dbo,ingestState,ingestStateId,bigint,19,NO,YES,NO
dbo,ingestState,targetKey,nvarchar,400,NO,NO,NO
dbo,ingestState,source,varchar,30,NO,NO,NO
dbo,ingestState,market,char,2,NO,NO,NO
dbo,ingestState,channel,varchar,20,YES,NO,NO
dbo,ingestState,status,varchar,20,NO,NO,NO
dbo,ingestState,lastOffset,int,10,YES,NO,NO
dbo,ingestState,nextOffset,int,10,YES,NO,NO
dbo,ingestState,pageSize,int,10,NO,NO,NO
dbo,ingestState,lastRunAt,datetime2,NULL,YES,NO,NO
dbo,ingestState,nextRunAt,datetime2,NULL,YES,NO,NO
dbo,ingestState,attempts,int,10,NO,NO,NO
dbo,ingestState,lastError,nvarchar,500,YES,NO,NO
dbo,ingestState,lockedBy,nvarchar,100,YES,NO,NO
dbo,ingestState,lockUntil,datetime2,NULL,YES,NO,NO
dbo,ingestState,createdAt,datetime2,NULL,NO,NO,NO
dbo,ingestState,updatedAt,datetime2,NULL,NO,NO,NO
dbo,inventoryMovements,movementId,bigint,19,NO,YES,NO
dbo,inventoryMovements,companyId,int,10,NO,NO,NO
dbo,inventoryMovements,productId,int,10,NO,NO,NO
dbo,inventoryMovements,quantityDelta,decimal,18,NO,NO,NO
dbo,inventoryMovements,reason,varchar,30,NO,NO,NO
dbo,inventoryMovements,notes,nvarchar,300,YES,NO,NO
dbo,inventoryMovements,refType,varchar,30,YES,NO,NO
dbo,inventoryMovements,refId,int,10,YES,NO,NO
dbo,inventoryMovements,userId,int,10,YES,NO,NO
dbo,inventoryMovements,createdAt,datetime2,NULL,NO,NO,NO
dbo,inventoryStock,inventoryStockId,bigint,19,NO,YES,NO
dbo,inventoryStock,companyId,int,10,NO,NO,NO
dbo,inventoryStock,productId,int,10,NO,NO,NO
dbo,inventoryStock,stockQuantity,decimal,18,NO,NO,NO
dbo,inventoryStock,minStockQty,decimal,18,YES,NO,NO
dbo,inventoryStock,reorderQty,decimal,18,YES,NO,NO
dbo,inventoryStock,createdAt,datetime2,NULL,NO,NO,NO
dbo,inventoryStock,updatedAt,datetime2,NULL,YES,NO,NO
dbo,LedStatus,deviceId,nvarchar,64,NO,YES,NO
dbo,LedStatus,status,nvarchar,10,NO,NO,NO
dbo,LedStatus,updated_at,datetime2,NULL,NO,NO,NO
dbo,LedStatus,updated_by,nvarchar,50,YES,NO,NO
dbo,listingDrafts,draftId,bigint,19,NO,YES,NO
dbo,listingDrafts,unifiedProductId,bigint,19,NO,NO,YES
dbo,listingDrafts,channel,varchar,20,NO,NO,NO
dbo,listingDrafts,market,char,2,NO,NO,NO
dbo,listingDrafts,payloadJson,nvarchar,-1,NO,NO,NO
dbo,listingDrafts,suggestedPriceUsd,decimal,18,YES,NO,NO
dbo,listingDrafts,minPriceUsd,decimal,18,YES,NO,NO
dbo,listingDrafts,maxPriceUsd,decimal,18,YES,NO,NO
dbo,listingDrafts,status,varchar,20,NO,NO,NO
dbo,listingDrafts,approvedBy,nvarchar,100,YES,NO,NO
dbo,listingDrafts,approvedAt,datetime2,NULL,YES,NO,NO
dbo,listingDrafts,errorMessage,nvarchar,2000,YES,NO,NO
dbo,listingDrafts,createdAt,datetime2,NULL,NO,NO,NO
dbo,listingDrafts,updatedAt,datetime2,NULL,NO,NO,NO
dbo,logins,loginId,int,10,NO,NO,NO
dbo,logins,userId,int,10,YES,NO,NO
dbo,logins,active,char,1,YES,NO,NO
dbo,logs,logId,int,10,NO,YES,NO
dbo,logs,tableName,nvarchar,50,NO,NO,NO
dbo,logs,recordId,int,10,NO,NO,NO
dbo,logs,action,nvarchar,50,NO,NO,NO
dbo,logs,actionTime,datetime,NULL,YES,NO,NO
dbo,manufactures,manufactureId,int,10,NO,YES,NO
dbo,manufactures,name,varchar,50,NO,NO,NO
dbo,marketplaceOrders,marketplaceOrderId,bigint,19,NO,YES,NO
dbo,marketplaceOrders,channel,varchar,20,NO,NO,NO
dbo,marketplaceOrders,market,char,2,NO,NO,NO
dbo,marketplaceOrders,channelOrderId,nvarchar,100,NO,NO,NO
dbo,marketplaceOrders,unifiedProductId,bigint,19,NO,NO,YES
dbo,marketplaceOrders,quantity,int,10,NO,NO,NO
dbo,marketplaceOrders,soldPriceUsd,decimal,18,NO,NO,NO
dbo,marketplaceOrders,buyerAddressJson,nvarchar,-1,YES,NO,NO
dbo,marketplaceOrders,status,varchar,30,NO,NO,NO
dbo,marketplaceOrders,createdAt,datetime2,NULL,NO,NO,NO
dbo,marketplaceOrders,updatedAt,datetime2,NULL,NO,NO,NO
dbo,measurements,measurementId,int,10,NO,YES,NO
dbo,measurements,name,varchar,50,NO,NO,NO
dbo,measurements,prefix,varchar,50,NO,NO,NO
dbo,mercadolibreWebhookLogs,id,int,10,NO,YES,NO
dbo,mercadolibreWebhookLogs,created_at,datetime,NULL,NO,NO,NO
dbo,mercadolibreWebhookLogs,payload,nvarchar,-1,NO,NO,NO
dbo,messageTickets,ticketId,bigint,19,NO,YES,NO
dbo,messageTickets,channel,varchar,20,NO,NO,NO
dbo,messageTickets,market,char,2,NO,NO,NO
dbo,messageTickets,threadId,nvarchar,120,YES,NO,NO
dbo,messageTickets,marketplaceOrderId,bigint,19,YES,NO,YES
dbo,messageTickets,customerMessage,nvarchar,-1,NO,NO,NO
dbo,messageTickets,suggestedReply,nvarchar,-1,YES,NO,NO
dbo,messageTickets,finalReply,nvarchar,-1,YES,NO,NO
dbo,messageTickets,status,varchar,20,NO,NO,NO
dbo,messageTickets,createdAt,datetime2,NULL,NO,NO,NO
dbo,messageTickets,updatedAt,datetime2,NULL,NO,NO,NO
dbo,ml_crawl_frontier,frontierId,bigint,19,NO,YES,NO
dbo,ml_crawl_frontier,frontierKey,varchar,200,NO,NO,NO
dbo,ml_crawl_frontier,frontierType,varchar,50,NO,NO,NO
dbo,ml_crawl_frontier,sourceUrl,nvarchar,1000,YES,NO,NO
dbo,ml_crawl_frontier,entityId,varchar,100,YES,NO,NO
dbo,ml_crawl_frontier,firstSeenAt,datetime2,NULL,NO,NO,NO
dbo,ml_crawl_frontier,lastSeenAt,datetime2,NULL,NO,NO,NO
dbo,ml_crawl_frontier,lastCrawledAt,datetime2,NULL,YES,NO,NO
dbo,ml_crawl_frontier,status,varchar,20,NO,NO,NO
dbo,ml_crawl_frontier,cooldownUntil,datetime2,NULL,YES,NO,NO
dbo,ml_domains_cache,id,bigint,19,NO,YES,NO
dbo,ml_domains_cache,site_id,nvarchar,10,NO,NO,NO
dbo,ml_domains_cache,query_text,nvarchar,400,NO,NO,NO
dbo,ml_domains_cache,domain_id,nvarchar,80,YES,NO,NO
dbo,ml_domains_cache,category_id,nvarchar,40,YES,NO,NO
dbo,ml_domains_cache,attributes_json,nvarchar,-1,YES,NO,NO
dbo,ml_domains_cache,created_at,datetime2,NULL,NO,NO,NO
dbo,ml_domains_cache,raw_json,nvarchar,-1,YES,NO,NO
dbo,ml_domains_cache,updated_at,datetime2,NULL,NO,NO,NO
dbo,ml_item_features,item_id,nvarchar,40,NO,YES,NO
dbo,ml_item_features,site_id,nvarchar,10,NO,NO,NO
dbo,ml_item_features,domain_id,nvarchar,80,YES,NO,NO
dbo,ml_item_features,category_id,nvarchar,40,YES,NO,NO
dbo,ml_item_features,brand,nvarchar,120,YES,NO,NO
dbo,ml_item_features,model,nvarchar,120,YES,NO,NO
dbo,ml_item_features,internal_memory,nvarchar,60,YES,NO,NO
dbo,ml_item_features,ram,nvarchar,60,YES,NO,NO
dbo,ml_item_features,storage_type,nvarchar,60,YES,NO,NO
dbo,ml_item_features,condition,nvarchar,30,YES,NO,NO
dbo,ml_item_features,price,decimal,18,YES,NO,NO
dbo,ml_item_features,sold_quantity,int,10,YES,NO,NO
dbo,ml_item_features,available_quantity,int,10,YES,NO,NO
dbo,ml_item_features,shipping_free,bit,NULL,YES,NO,NO
dbo,ml_item_features,logistics_type,nvarchar,60,YES,NO,NO
dbo,ml_item_features,features_json,nvarchar,-1,YES,NO,NO
dbo,ml_item_features,last_seen_at,datetime2,NULL,NO,NO,NO
dbo,ml_item_scores,item_id,nvarchar,40,NO,YES,NO
dbo,ml_item_scores,model_version,nvarchar,50,NO,NO,NO
dbo,ml_item_scores,score,float,53,NO,NO,NO
dbo,ml_item_scores,explanation_json,nvarchar,-1,YES,NO,NO
dbo,ml_item_scores,created_at,datetime2,NULL,NO,NO,NO
dbo,ml_jobs,job_id,bigint,19,NO,YES,NO
dbo,ml_jobs,job_type,nvarchar,30,NO,NO,NO
dbo,ml_jobs,payload_json,nvarchar,-1,NO,NO,NO
dbo,ml_jobs,status,nvarchar,20,NO,NO,NO
dbo,ml_jobs,attempts,int,10,NO,NO,NO
dbo,ml_jobs,last_error,nvarchar,-1,YES,NO,NO
dbo,ml_jobs,locked_by,nvarchar,80,YES,NO,NO
dbo,ml_jobs,locked_until,datetime2,NULL,YES,NO,NO
dbo,ml_jobs,created_at,datetime2,NULL,NO,NO,NO
dbo,ml_jobs,updated_at,datetime2,NULL,NO,NO,NO
dbo,ml_oauth_states,state,nvarchar,200,NO,YES,NO
dbo,ml_oauth_states,code_verifier,nvarchar,400,NO,NO,NO
dbo,ml_oauth_states,created_at,datetime2,NULL,NO,NO,NO
dbo,ml_oauth_states,used_at,datetime2,NULL,YES,NO,NO
dbo,ml_scrape_items,scrapeItemId,bigint,19,NO,YES,NO
dbo,ml_scrape_items,runId,bigint,19,NO,NO,YES
dbo,ml_scrape_items,pageId,bigint,19,YES,NO,YES
dbo,ml_scrape_items,itemId,varchar,50,NO,NO,NO
dbo,ml_scrape_items,itemUrl,nvarchar,1000,NO,NO,NO
dbo,ml_scrape_items,title,nvarchar,1000,YES,NO,NO
dbo,ml_scrape_items,price,decimal,18,YES,NO,NO
dbo,ml_scrape_items,currencyId,varchar,10,YES,NO,NO
dbo,ml_scrape_items,sellerId,varchar,50,YES,NO,NO
dbo,ml_scrape_items,sellerUrl,nvarchar,1000,YES,NO,NO
dbo,ml_scrape_items,positionInPage,int,10,YES,NO,NO
dbo,ml_scrape_items,discoveredAt,datetime2,NULL,NO,NO,NO
dbo,ml_scrape_items,persisted,bit,NULL,NO,NO,NO
dbo,ml_scrape_pages,pageId,bigint,19,NO,YES,NO
dbo,ml_scrape_pages,runId,bigint,19,NO,NO,YES
dbo,ml_scrape_pages,pageNumber,int,10,NO,NO,NO
dbo,ml_scrape_pages,pageUrl,nvarchar,1000,NO,NO,NO
dbo,ml_scrape_pages,httpStatus,int,10,YES,NO,NO
dbo,ml_scrape_pages,itemsExtracted,int,10,NO,NO,NO
dbo,ml_scrape_pages,itemsReportedTotal,int,10,YES,NO,NO
dbo,ml_scrape_pages,durationMs,int,10,YES,NO,NO
dbo,ml_scrape_pages,blocked,bit,NULL,NO,NO,NO
dbo,ml_scrape_pages,blockReason,varchar,100,YES,NO,NO
dbo,ml_scrape_pages,createdAt,datetime2,NULL,NO,NO,NO
dbo,ml_scrape_runs,runId,bigint,19,NO,YES,NO
dbo,ml_scrape_runs,runUid,uniqueidentifier,NULL,NO,NO,NO
dbo,ml_scrape_runs,sourceUrl,nvarchar,1000,NO,NO,NO
dbo,ml_scrape_runs,siteId,varchar,10,NO,NO,NO
dbo,ml_scrape_runs,queryText,nvarchar,500,YES,NO,NO
dbo,ml_scrape_runs,startedAt,datetime2,NULL,NO,NO,NO
dbo,ml_scrape_runs,finishedAt,datetime2,NULL,YES,NO,NO
dbo,ml_scrape_runs,status,varchar,20,NO,NO,NO
dbo,ml_scrape_runs,pagesVisited,int,10,NO,NO,NO
dbo,ml_scrape_runs,itemsExtracted,int,10,NO,NO,NO
dbo,ml_scrape_runs,itemsReportedTotal,int,10,YES,NO,NO
dbo,ml_scrape_runs,coveragePercent,decimal,5,YES,NO,NO
dbo,ml_scrape_runs,workerId,varchar,100,YES,NO,NO
dbo,ml_scrape_runs,errorMessage,nvarchar,-1,YES,NO,NO
dbo,ml_scrape_runs,createdAt,datetime2,NULL,NO,NO,NO
dbo,ml_scrape_runs,updatedAt,datetime2,NULL,NO,NO,NO
dbo,ml_search_results,search_result_id,bigint,19,NO,YES,NO
dbo,ml_search_results,search_run_id,bigint,19,NO,NO,YES
dbo,ml_search_results,item_id,nvarchar,40,NO,NO,NO
dbo,ml_search_results,title,nvarchar,500,YES,NO,NO
dbo,ml_search_results,price,decimal,18,YES,NO,NO
dbo,ml_search_results,currency_id,nvarchar,10,YES,NO,NO
dbo,ml_search_results,condition,nvarchar,30,YES,NO,NO
dbo,ml_search_results,permalink,nvarchar,1000,YES,NO,NO
dbo,ml_search_results,seller_id,bigint,19,YES,NO,NO
dbo,ml_search_results,thumbnail,nvarchar,1000,YES,NO,NO
dbo,ml_search_results,raw_json,nvarchar,-1,YES,NO,NO
dbo,ml_search_results,created_at,datetime2,NULL,NO,NO,NO
dbo,ml_search_results,updated_at,datetime2,NULL,NO,NO,NO
dbo,ml_search_runs,search_run_id,bigint,19,NO,YES,NO
dbo,ml_search_runs,site_id,nvarchar,10,NO,NO,NO
dbo,ml_search_runs,query_text,nvarchar,400,NO,NO,NO
dbo,ml_search_runs,domain_id,nvarchar,80,YES,NO,NO
dbo,ml_search_runs,category_id,nvarchar,40,YES,NO,NO
dbo,ml_search_runs,filters_json,nvarchar,-1,YES,NO,NO
dbo,ml_search_runs,status,nvarchar,20,NO,NO,NO
dbo,ml_search_runs,http_status,int,10,YES,NO,NO
dbo,ml_search_runs,error_json,nvarchar,-1,YES,NO,NO
dbo,ml_search_runs,created_at,datetime2,NULL,NO,NO,NO
dbo,ml_search_runs,finished_at,datetime2,NULL,YES,NO,NO
dbo,ml_search_runs,request_url,nvarchar,1000,YES,NO,NO
dbo,ml_search_runs,updated_at,datetime2,NULL,NO,NO,NO
dbo,ml_tokens,id,int,10,NO,YES,NO
dbo,ml_tokens,access_token,nvarchar,-1,NO,NO,NO
dbo,ml_tokens,refresh_token,nvarchar,-1,NO,NO,NO
dbo,ml_tokens,expires_at,datetime2,NULL,NO,NO,NO
dbo,ml_tokens,created_at,datetime2,NULL,NO,NO,NO
dbo,ml_tokens,updated_at,datetime2,NULL,YES,NO,NO
dbo,modules,moduleId,int,10,NO,YES,NO
dbo,modules,name,varchar,100,NO,NO,NO
dbo,modules,createdAt,datetime,NULL,YES,NO,NO
dbo,modules,updatedAt,datetime,NULL,YES,NO,NO
dbo,opportunities,opportunityId,bigint,19,NO,YES,NO
dbo,opportunities,unifiedProductId,bigint,19,NO,NO,YES
dbo,opportunities,buyOfferId,bigint,19,NO,NO,YES
dbo,opportunities,sellListingId,bigint,19,NO,NO,YES
dbo,opportunities,channel,varchar,20,NO,NO,NO
dbo,opportunities,buyTotalCostUsd,decimal,18,NO,NO,NO
dbo,opportunities,sellGrossUsd,decimal,18,NO,NO,NO
dbo,opportunities,sellFeesUsd,decimal,18,NO,NO,NO
dbo,opportunities,returnsRiskUsd,decimal,18,NO,NO,NO
dbo,opportunities,sellNetUsd,decimal,18,NO,NO,NO
dbo,opportunities,netMarginUsd,decimal,18,NO,NO,NO
dbo,opportunities,roi,decimal,18,NO,NO,NO
dbo,opportunities,velocityScore,decimal,9,YES,NO,NO
dbo,opportunities,confidenceScore,decimal,9,YES,NO,NO
dbo,opportunities,finalScore,decimal,9,YES,NO,NO
dbo,opportunities,status,varchar,20,NO,NO,NO
dbo,opportunities,calculatedAt,datetime2,NULL,NO,NO,NO
dbo,opportunities,createdAt,datetime2,NULL,NO,NO,NO
dbo,opportunities,updatedAt,datetime2,NULL,NO,NO,NO
dbo,opportunities,market,char,2,NO,NO,NO
dbo,orderDetails,orderDetaild,int,10,NO,YES,NO
dbo,orderDetails,orderId,int,10,NO,NO,NO
dbo,orderDetails,productOptionId,int,10,YES,NO,NO
dbo,orderDetails,productOptionChoiceId,int,10,YES,NO,NO
dbo,orders,orderId,int,10,NO,YES,NO
dbo,orders,productId,int,10,YES,NO,NO
dbo,orders,quantity,int,10,YES,NO,NO
dbo,orders,paymentMethod,nvarchar,20,YES,NO,NO
dbo,orders,orderDate,datetime,NULL,YES,NO,NO
dbo,orders,orderNumber,int,10,YES,NO,NO
dbo,orders,tableNumber,int,10,YES,NO,NO
dbo,orders,userId,int,10,YES,NO,NO
dbo,orders,total,decimal,10,NO,NO,NO
dbo,orders,createdAt,datetime,NULL,NO,NO,NO
dbo,orders,clientId,int,10,YES,NO,NO
dbo,orders,comments,nvarchar,-1,YES,NO,NO
dbo,orderStatuses,orderStatusId,int,10,NO,YES,NO
dbo,orderStatuses,name,nvarchar,20,NO,NO,NO
dbo,orderStatuses,color,nvarchar,20,NO,NO,NO
dbo,orderTracking,trackingId,int,10,NO,YES,NO
dbo,orderTracking,orderId,int,10,NO,NO,NO
dbo,orderTracking,orderStatusId,int,10,YES,NO,NO
dbo,orderTracking,changedBy,int,10,YES,NO,NO
dbo,orderTracking,changedAt,datetime,NULL,NO,NO,NO
dbo,orderTracking,notes,nvarchar,-1,YES,NO,NO
dbo,permissions,permissionId,int,10,NO,YES,NO
dbo,permissions,code,nvarchar,80,NO,NO,NO
dbo,permissions,name,nvarchar,120,NO,NO,NO
dbo,permissions,moduleId,int,10,NO,NO,YES
dbo,pos_laundry,laundryId,int,10,NO,YES,NO
dbo,pos_laundry,total,decimal,10,NO,NO,NO
dbo,pos_laundry,create_at,datetime,NULL,NO,NO,NO
dbo,pos_laundry,update_at,datetime,NULL,NO,NO,NO
dbo,pos_laundry_detail,laundryDetailId,int,10,NO,YES,NO
dbo,pos_laundry_detail,laundryId,int,10,NO,NO,NO
dbo,pos_laundry_detail,productId,int,10,NO,NO,NO
dbo,pos_laundry_detail,cantidad,int,10,NO,NO,NO
dbo,pos_laundry_detail,precio_unitario,decimal,10,NO,NO,NO
dbo,pos_laundry_detail,subtotal,decimal,21,YES,NO,NO
dbo,pos_laundry_detail,create_at,datetime,NULL,NO,NO,NO
dbo,pos_laundry_detail,update_at,datetime,NULL,NO,NO,NO
dbo,procurementJobs,procJobId,bigint,19,NO,YES,NO
dbo,procurementJobs,marketplaceOrderId,bigint,19,NO,NO,YES
dbo,procurementJobs,supplierCandidate,nvarchar,200,NO,NO,NO
dbo,procurementJobs,maxBuyCostUsd,decimal,18,NO,NO,NO
dbo,procurementJobs,decision,varchar,10,YES,NO,NO
dbo,procurementJobs,reason,nvarchar,500,YES,NO,NO
dbo,procurementJobs,createdAt,datetime2,NULL,NO,NO,NO
dbo,procurementJobs,updatedAt,datetime2,NULL,NO,NO,NO
dbo,productCategories,productCategoryId,int,10,NO,YES,NO
dbo,productCategories,name,varchar,50,NO,NO,NO
dbo,productCategories,image,varchar,50,YES,NO,NO
dbo,productCategories,companyId,int,10,YES,NO,NO
dbo,productDetails,productDetailId,int,10,NO,YES,NO
dbo,productDetails,productId,int,10,NO,NO,NO
dbo,productDetails,stockQuantity,int,10,NO,NO,NO
dbo,productDetails,unitPrice,decimal,10,NO,NO,NO
dbo,productDetails,salePrice,decimal,10,NO,NO,NO
dbo,productDetails,createdAt,datetime,NULL,YES,NO,NO
dbo,productDetails,updatedAt,datetime,NULL,YES,NO,NO
dbo,productForms,productFormId,int,10,NO,YES,NO
dbo,productForms,quantity,varchar,50,NO,NO,NO
dbo,productForms,productPackingPresentationId,int,10,NO,NO,NO
dbo,productForms,productsPackingTypeId,int,10,NO,NO,NO
dbo,productMatches,matchId,bigint,19,NO,YES,NO
dbo,productMatches,unifiedProductId,bigint,19,NO,NO,YES
dbo,productMatches,entityType,varchar,10,NO,NO,NO
dbo,productMatches,entityId,bigint,19,NO,NO,NO
dbo,productMatches,confidence,decimal,5,NO,NO,NO
dbo,productMatches,matchMethod,varchar,20,NO,NO,NO
dbo,productMatches,createdAt,datetime2,NULL,NO,NO,NO
dbo,productOptionChoices,productOptionChoiceId,int,10,NO,YES,NO
dbo,productOptionChoices,productOptionId,int,10,NO,NO,YES
dbo,productOptionChoices,choiceKey,nvarchar,50,YES,NO,NO
dbo,productOptionChoices,name,nvarchar,100,YES,NO,NO
dbo,productOptionChoices,price,decimal,10,NO,NO,NO
dbo,productOptionChoices,createdAt,datetime,NULL,YES,NO,NO
dbo,productOptionChoices,updatedAt,datetime,NULL,YES,NO,NO
dbo,productOptionChoices,description,varchar,255,YES,NO,NO
dbo,productOptions,productOptionId,int,10,NO,YES,NO
dbo,productOptions,productId,int,10,NO,NO,NO
dbo,productOptions,optionKey,nvarchar,50,YES,NO,NO
dbo,productOptions,name,nvarchar,100,YES,NO,NO
dbo,productOptions,type,nvarchar,20,YES,NO,NO
dbo,productOptions,createdAt,datetime,NULL,YES,NO,NO
dbo,productOptions,updatedAt,datetime,NULL,YES,NO,NO
dbo,products,productId,int,10,NO,YES,NO
dbo,products,name,nvarchar,255,NO,NO,NO
dbo,products,code,varchar,100,YES,NO,NO
dbo,products,dateOfExpire,date,NULL,YES,NO,NO
dbo,products,productFormId,int,10,YES,NO,NO
dbo,products,manufactureId,int,10,YES,NO,NO
dbo,products,description,varchar,5000,YES,NO,NO
dbo,products,createdAt,datetime,NULL,YES,NO,NO
dbo,products,updatedAt,datetime,NULL,YES,NO,NO
dbo,products,barCode,varchar,100,YES,NO,NO
dbo,products,categoryId,int,10,YES,NO,NO
dbo,products,companyId,int,10,NO,NO,NO
dbo,productsDescription,productDescriptionId,int,10,NO,YES,NO
dbo,productsDescription,productId,int,10,NO,NO,NO
dbo,productsDescription,Dosage,varchar,50,YES,NO,NO
dbo,productsDescription,measurementId,int,10,YES,NO,NO
dbo,productsDescription,is_principal,varchar,1,YES,NO,NO
dbo,productsDescription,activeIngredientId,int,10,YES,NO,NO
dbo,productsDescription,createdAt,datetime,NULL,YES,NO,NO
dbo,productsDescription,updatedAt,datetime,NULL,YES,NO,NO
dbo,productsPackingPresentation,productPackingPresentationId,int,10,NO,YES,NO
dbo,productsPackingPresentation,name,varchar,50,YES,NO,NO
dbo,productsPackingType,productsPackingTypeId,int,10,NO,YES,NO
dbo,productsPackingType,name,varchar,50,YES,NO,NO
dbo,profiles,profileId,int,10,NO,NO,NO
dbo,profiles,name,varchar,50,NO,NO,NO
dbo,profiles,userId,int,10,YES,NO,NO
dbo,projects,projectId,int,10,NO,YES,NO
dbo,projects,projectName,nvarchar,100,NO,NO,NO
dbo,projects,createdAt,datetime,NULL,YES,NO,NO
dbo,promotion_targets,promotionTargetId,int,10,NO,YES,NO
dbo,promotion_targets,promotionId,int,10,NO,NO,YES
dbo,promotion_targets,targetType,varchar,20,NO,NO,NO
dbo,promotion_targets,productId,int,10,YES,NO,NO
dbo,promotions,promotionId,int,10,NO,YES,NO
dbo,promotions,companyId,int,10,NO,NO,NO
dbo,promotions,code,varchar,30,NO,NO,NO
dbo,promotions,name,nvarchar,80,NO,NO,NO
dbo,promotions,promoType,varchar,20,NO,NO,NO
dbo,promotions,isActive,bit,NULL,NO,NO,NO
dbo,promotions,startAtUtc,datetime2,NULL,YES,NO,NO
dbo,promotions,endAtUtc,datetime2,NULL,YES,NO,NO
dbo,promotions,createdAtUtc,datetime2,NULL,NO,NO,NO
dbo,publishJobs,jobId,bigint,19,NO,YES,NO
dbo,publishJobs,draftId,bigint,19,NO,NO,YES
dbo,publishJobs,status,varchar,20,NO,NO,NO
dbo,publishJobs,attempts,int,10,NO,NO,NO
dbo,publishJobs,nextRetryAt,datetime2,NULL,YES,NO,NO
dbo,publishJobs,lastError,nvarchar,2000,YES,NO,NO
dbo,publishJobs,createdAt,datetime2,NULL,NO,NO,NO
dbo,publishJobs,updatedAt,datetime2,NULL,NO,NO,NO
dbo,role_permissions,roleId,int,10,NO,YES,YES
dbo,role_permissions,permissionId,int,10,NO,YES,YES
dbo,roles,roleId,int,10,NO,YES,NO
dbo,roles,code,nvarchar,50,NO,NO,NO
dbo,roles,name,nvarchar,100,NO,NO,NO
dbo,roles,description,nvarchar,255,YES,NO,NO
dbo,roles,active,bit,NULL,NO,NO,NO
dbo,sellListingAttributes,sellListingId,bigint,19,NO,YES,YES
dbo,sellListingAttributes,attributesJson,nvarchar,-1,NO,NO,NO
dbo,sellListingAttributes,attributesHash,varbinary,32,YES,NO,NO
dbo,sellListingAttributes,updatedAt,datetime2,NULL,NO,NO,NO
dbo,sellListings,sellListingId,bigint,19,NO,YES,NO
dbo,sellListings,channel,varchar,20,NO,NO,NO
dbo,sellListings,channelItemId,nvarchar,80,NO,NO,NO
dbo,sellListings,title,nvarchar,500,YES,NO,NO
dbo,sellListings,sellPriceOriginal,decimal,18,NO,NO,NO
dbo,sellListings,currencyOriginal,char,3,NO,NO,NO
dbo,sellListings,sellPriceUsd,decimal,18,NO,NO,NO
dbo,sellListings,fxRateToUsd,decimal,18,NO,NO,NO
dbo,sellListings,fxAsOfDate,date,NULL,NO,NO,NO
dbo,sellListings,fulfillmentType,nvarchar,50,YES,NO,NO
dbo,sellListings,shippingTimeDays,int,10,YES,NO,NO
dbo,sellListings,rating,decimal,5,YES,NO,NO
dbo,sellListings,reviewsCount,int,10,YES,NO,NO
dbo,sellListings,listingTimestamp,datetime2,NULL,NO,NO,NO
dbo,sellListings,unifiedProductId,bigint,19,YES,NO,YES
dbo,sellListings,createdAt,datetime2,NULL,NO,NO,NO
dbo,sellListings,updatedAt,datetime2,NULL,NO,NO,NO
dbo,sellListings,market,char,2,NO,NO,NO
dbo,sellListings,listingDate,date,NULL,YES,NO,NO
dbo,sellListings,scrapeItemId,bigint,19,YES,NO,YES
dbo,shipments,shipmentId,bigint,19,NO,YES,NO
dbo,shipments,marketplaceOrderId,bigint,19,NO,NO,YES
dbo,shipments,carrier,nvarchar,50,YES,NO,NO
dbo,shipments,serviceLevel,nvarchar,50,YES,NO,NO
dbo,shipments,labelRef,nvarchar,500,YES,NO,NO
dbo,shipments,trackingNumber,nvarchar,100,YES,NO,NO
dbo,shipments,status,varchar,20,NO,NO,NO
dbo,shipments,shippedAt,datetime2,NULL,YES,NO,NO
dbo,shipments,deliveredAt,datetime2,NULL,YES,NO,NO
dbo,shipments,lastError,nvarchar,2000,YES,NO,NO
dbo,shipments,createdAt,datetime2,NULL,NO,NO,NO
dbo,shipments,updatedAt,datetime2,NULL,NO,NO,NO
dbo,status,statusId,int,10,NO,YES,NO
dbo,status,status,nvarchar,20,NO,NO,NO
dbo,status,createdAt,datetime,NULL,YES,NO,NO
dbo,subCategories,subcategoryid,int,10,NO,YES,NO
dbo,subCategories,name,varchar,100,NO,NO,NO
dbo,subCategories,categoryid,int,10,NO,NO,NO
dbo,symptoms,symptomId,int,10,NO,YES,NO
dbo,symptoms,name,varchar,100,NO,NO,NO
dbo,symptoms,productId,int,10,NO,NO,NO
dbo,sysdiagrams,name,nvarchar,128,NO,NO,NO
dbo,sysdiagrams,principal_id,int,10,NO,NO,NO
dbo,sysdiagrams,diagram_id,int,10,NO,YES,NO
dbo,sysdiagrams,version,int,10,YES,NO,NO
dbo,sysdiagrams,definition,varbinary,-1,YES,NO,NO
dbo,tankWaters,tankWaterId,int,10,NO,YES,NO
dbo,tankWaters,name,varchar,200,YES,NO,NO
dbo,tankWaters,metrics,int,10,YES,NO,NO
dbo,tankWaters,capacity,varchar,200,YES,NO,NO
dbo,tankWaters,device,varchar,200,YES,NO,NO
dbo,tankWaters,created_At,datetime,NULL,YES,NO,NO
dbo,tankWaters,updated_at,datetime,NULL,YES,NO,NO
dbo,tankWatersDetails,tankWatersDetailId,int,10,NO,YES,NO
dbo,tankWatersDetails,tankWaterId,int,10,NO,NO,NO
dbo,tankWatersDetails,quantity,varchar,200,NO,NO,NO
dbo,tankWatersDetails,created_At,datetime,NULL,YES,NO,NO
dbo,tickets,ticketId,int,10,NO,YES,NO
dbo,tickets,ticketNumber,varchar,50,YES,NO,NO
dbo,tickets,ticketData,nvarchar,-1,YES,NO,NO
dbo,tickets,printed,bit,NULL,YES,NO,NO
dbo,tickets,printedDate,datetime,NULL,YES,NO,NO
dbo,tickets,created_At,datetime,NULL,YES,NO,NO
dbo,tickets,updated_At,datetime,NULL,YES,NO,NO
dbo,tickets,incomeId,int,10,YES,NO,NO
dbo,tickets,companyId,int,10,YES,NO,NO
dbo,tickets,fileName,varchar,500,YES,NO,NO
dbo,tickets,containerName,varchar,200,YES,NO,NO
dbo,tickets,blobPath,varchar,1000,YES,NO,NO
dbo,tickets,receiptUrl,varchar,-1,YES,NO,NO
dbo,tickets,uploadAzure,bit,NULL,NO,NO,NO
dbo,tickets,uploadAzureDate,datetime,NULL,YES,NO,NO
dbo,tickets,whatsappSent,bit,NULL,NO,NO,NO
dbo,tickets,whatsappSentDate,datetime,NULL,YES,NO,NO
dbo,tickets,whatsappPhone,varchar,50,YES,NO,NO
dbo,tickets,whatsappResponse,varchar,-1,YES,NO,NO
dbo,tickets,smsSent,bit,NULL,NO,NO,NO
dbo,tickets,smsSentDate,datetime,NULL,YES,NO,NO
dbo,tickets,smsPhone,varchar,50,YES,NO,NO
dbo,tickets,smsResponse,varchar,-1,YES,NO,NO
dbo,tickets,generationStatus,varchar,50,NO,NO,NO
dbo,tickets,generatedDate,datetime,NULL,YES,NO,NO
dbo,tickets,errorMessage,varchar,-1,YES,NO,NO
dbo,tickets,shortCode,varchar,20,YES,NO,NO
dbo,unifiedProducts,unifiedProductId,bigint,19,NO,YES,NO
dbo,unifiedProducts,brand,nvarchar,200,YES,NO,NO
dbo,unifiedProducts,model,nvarchar,200,YES,NO,NO
dbo,unifiedProducts,title,nvarchar,500,YES,NO,NO
dbo,unifiedProducts,ean_upc,nvarchar,64,YES,NO,NO
dbo,unifiedProducts,attributesJson,nvarchar,-1,YES,NO,NO
dbo,unifiedProducts,createdAt,datetime2,NULL,NO,NO,NO
dbo,unifiedProducts,updatedAt,datetime2,NULL,NO,NO,NO
dbo,userCompanies,userCompanyId,int,10,NO,YES,NO
dbo,userCompanies,userId,int,10,NO,NO,NO
dbo,userCompanies,companyId,int,10,NO,NO,NO
dbo,userCompanies,branchId,int,10,YES,NO,NO
dbo,userCompanies,isDefault,bit,NULL,NO,NO,NO
dbo,userCompanies,roleName,varchar,50,YES,NO,NO
dbo,userCompanies,active,varchar,1,NO,NO,NO
dbo,userCompanies,created_at,datetime,NULL,NO,NO,NO
dbo,userCompanies,updated_at,datetime,NULL,YES,NO,NO
dbo,userCompanies,roleId,int,10,YES,NO,YES
dbo,users,userId,int,10,NO,NO,NO
dbo,users,name,varchar,50,YES,NO,NO
dbo,users,email,varchar,50,YES,NO,NO
dbo,users,password,varchar,50,YES,NO,NO
dbo,users,created_at,datetime,NULL,YES,NO,NO
dbo,users,active,varchar,1,NO,NO,NO
dbo,users,image,varchar,200,YES,NO,NO
dbo,users,imageUrl,nvarchar,500,YES,NO,NO
dbo,users,qrCode,nvarchar,100,YES,NO,NO
dbo,users,companyId,int,10,NO,NO,YES
dbo,vending,id,int,10,NO,YES,NO
dbo,vending,ingreso,decimal,10,NO,NO,NO
dbo,vending,productId,int,10,YES,NO,NO
dbo,vending,create_at,datetime,NULL,NO,NO,NO
dbo,vending,update_at,datetime,NULL,NO,NO,NO
dbo,vw_sellListings_daily_history,channel,varchar,20,NO,NO,NO
dbo,vw_sellListings_daily_history,market,char,2,NO,NO,NO
dbo,vw_sellListings_daily_history,channelItemId,nvarchar,80,NO,NO,NO
dbo,vw_sellListings_daily_history,unifiedProductId,bigint,19,YES,NO,NO
dbo,vw_sellListings_daily_history,listingDate,date,NULL,YES,NO,NO
dbo,vw_sellListings_daily_history,sellPriceUsd,decimal,18,NO,NO,NO
dbo,vw_sellListings_daily_history,sellPriceOriginal,decimal,18,NO,NO,NO
dbo,vw_sellListings_daily_history,currencyOriginal,char,3,NO,NO,NO
dbo,vw_sellListings_daily_history,fxRateToUsd,decimal,18,NO,NO,NO
dbo,vw_sellListings_daily_history,fxAsOfDate,date,NULL,NO,NO,NO
dbo,vw_sellListings_daily_history,rating,decimal,5,YES,NO,NO
dbo,vw_sellListings_daily_history,reviewsCount,int,10,YES,NO,NO
dbo,vw_sellListings_latest_item,sellListingId,bigint,19,NO,NO,NO
dbo,vw_sellListings_latest_item,channel,varchar,20,NO,NO,NO
dbo,vw_sellListings_latest_item,market,char,2,NO,NO,NO
dbo,vw_sellListings_latest_item,channelItemId,nvarchar,80,NO,NO,NO
dbo,vw_sellListings_latest_item,title,nvarchar,500,YES,NO,NO
dbo,vw_sellListings_latest_item,sellPriceOriginal,decimal,18,NO,NO,NO
dbo,vw_sellListings_latest_item,currencyOriginal,char,3,NO,NO,NO
dbo,vw_sellListings_latest_item,sellPriceUsd,decimal,18,NO,NO,NO
dbo,vw_sellListings_latest_item,fxRateToUsd,decimal,18,NO,NO,NO
dbo,vw_sellListings_latest_item,fxAsOfDate,date,NULL,NO,NO,NO
dbo,vw_sellListings_latest_item,listingTimestamp,datetime2,NULL,NO,NO,NO
dbo,vw_sellListings_latest_item,listingDate,date,NULL,YES,NO,NO
dbo,vw_sellListings_latest_item,unifiedProductId,bigint,19,YES,NO,NO
dbo,vw_sellListings_latest_item,createdAt,datetime2,NULL,NO,NO,NO
dbo,vw_sellListings_latest_item,updatedAt,datetime2,NULL,NO,NO,NO
dbo,vw_sellListings_latest_unified,sellListingId,bigint,19,NO,NO,NO
dbo,vw_sellListings_latest_unified,unifiedProductId,bigint,19,YES,NO,NO
dbo,vw_sellListings_latest_unified,channel,varchar,20,NO,NO,NO
dbo,vw_sellListings_latest_unified,market,char,2,NO,NO,NO
dbo,vw_sellListings_latest_unified,channelItemId,nvarchar,80,NO,NO,NO
dbo,vw_sellListings_latest_unified,title,nvarchar,500,YES,NO,NO
dbo,vw_sellListings_latest_unified,sellPriceOriginal,decimal,18,NO,NO,NO
dbo,vw_sellListings_latest_unified,currencyOriginal,char,3,NO,NO,NO
dbo,vw_sellListings_latest_unified,sellPriceUsd,decimal,18,NO,NO,NO
dbo,vw_sellListings_latest_unified,fxRateToUsd,decimal,18,NO,NO,NO
dbo,vw_sellListings_latest_unified,fxAsOfDate,date,NULL,NO,NO,NO
dbo,vw_sellListings_latest_unified,listingTimestamp,datetime2,NULL,NO,NO,NO
dbo,vw_sellListings_latest_unified,listingDate,date,NULL,YES,NO,NO
dbo,vw_sellListings_latest_unified,createdAt,datetime2,NULL,NO,NO,NO
dbo,vw_sellListings_latest_unified,updatedAt,datetime2,NULL,NO,NO,NO
dbo,whatsapp_messages,messageId,int,10,NO,YES,NO
dbo,whatsapp_messages,phoneNumber,varchar,20,NO,NO,NO
dbo,whatsapp_messages,messageBody,nvarchar,-1,NO,NO,NO
dbo,whatsapp_messages,responseBody,nvarchar,-1,YES,NO,NO
dbo,whatsapp_messages,createdAt,datetime,NULL,YES,NO,NO
dbo,whatsapp_messages,direction,varchar,10,NO,NO,NO
dbo,whatsapp_messages,status,varchar,50,YES,NO,NO
dbo,stripeConnectedAccounts,id,int,10,NO,YES,NO
dbo,stripeConnectedAccounts,clientId,int,10,NO,NO,NO
dbo,stripeConnectedAccounts,companyId,int,10,NO,NO,NO
dbo,stripeConnectedAccounts,connectedAccountId,nvarchar,100,NO,NO,NO
dbo,stripeConnectedAccounts,chargesEnabled,bit,,NO,NO,NO
dbo,stripeConnectedAccounts,payoutsEnabled,bit,,NO,NO,NO
dbo,stripeConnectedAccounts,detailsSubmitted,bit,,NO,NO,NO
dbo,stripeConnectedAccounts,created_At,datetime2,,NO,NO,NO
dbo,stripeConnectedAccounts,updated_at,datetime2,,YES,NO,NO
dbo,stripeConnectedAccounts,hasExternalAccount,bit,,NO,NO,NO
dbo,stripeConnectedAccounts,externalAccountLast4,nvarchar,4,YES,NO,NO
dbo,stripeConnectedAccounts,externalAccountType,nvarchar,20,YES,NO,NO
dbo,stripeConnectedAccounts,externalAccountBankName,nvarchar,100,YES,NO,NO
dbo,stripeTransactions,transactionId,int,10,NO,YES,NO
dbo,stripeTransactions,companyId,int,10,NO,NO,NO
dbo,stripeTransactions,loanId,int,10,YES,NO,NO
dbo,stripeTransactions,proposalId,int,10,YES,NO,NO
dbo,stripeTransactions,fromClientId,int,10,NO,NO,NO
dbo,stripeTransactions,toClientId,int,10,NO,NO,NO
dbo,stripeTransactions,amount,int,10,NO,NO,NO
dbo,stripeTransactions,currency,nvarchar,3,NO,NO,NO
dbo,stripeTransactions,paymentType,nvarchar,30,NO,NO,NO
dbo,stripeTransactions,status,nvarchar,20,NO,NO,NO
dbo,stripeTransactions,stripePaymentIntentId,nvarchar,100,YES,NO,NO
dbo,stripeTransactions,stripeTransferId,nvarchar,100,YES,NO,NO
dbo,stripeTransactions,failureReason,nvarchar,500,YES,NO,NO
dbo,stripeTransactions,created_At,datetime2,,NO,NO,NO
dbo,stripeTransactions,updated_at,datetime2,,YES,NO,NO
dbo,stripeTransactions,stripePayoutId,nvarchar,100,YES,NO,NO
dbo,clientWallets,walletId,int,10,NO,YES,NO
dbo,clientWallets,clientId,int,10,NO,NO,NO
dbo,clientWallets,companyId,int,10,NO,NO,NO
dbo,clientWallets,availableBalance,decimal,18,NO,NO,NO
dbo,clientWallets,reservedBalance,decimal,18,NO,NO,NO
dbo,clientWallets,totalTopUps,decimal,18,NO,NO,NO
dbo,clientWallets,totalDisbursed,decimal,18,NO,NO,NO
dbo,clientWallets,totalRepaid,decimal,18,NO,NO,NO
dbo,clientWallets,updatedAt,datetime2,,YES,NO,NO
dbo,loanInstallments,installmentId,int,10,NO,YES,NO
dbo,loanInstallments,loanId,int,10,NO,NO,NO
dbo,loanInstallments,clientId,int,10,NO,NO,NO
dbo,loanInstallments,companyId,int,10,NO,NO,NO
dbo,loanInstallments,lenderId,int,10,NO,NO,NO
dbo,loanInstallments,installmentNumber,int,10,NO,NO,NO
dbo,loanInstallments,dueDate,date,,NO,NO,NO
dbo,loanInstallments,amount,decimal,18,NO,NO,NO
dbo,loanInstallments,principal,decimal,18,NO,NO,NO
dbo,loanInstallments,interest,decimal,18,NO,NO,NO
dbo,loanInstallments,remainingBalance,decimal,18,NO,NO,NO
dbo,loanInstallments,status,nvarchar,20,NO,NO,NO
dbo,loanInstallments,stripePaymentIntentId,nvarchar,100,YES,NO,NO
dbo,loanInstallments,failureReason,nvarchar,500,YES,NO,NO
dbo,loanInstallments,attemptCount,int,10,NO,NO,NO
dbo,loanInstallments,lastAttemptAt,datetime2,,YES,NO,NO
dbo,loanInstallments,paidAt,datetime2,,YES,NO,NO
dbo,loanInstallments,createdAt,datetime2,,NO,NO,NO
dbo,savedPaymentMethods,methodId,int,10,NO,YES,NO
dbo,savedPaymentMethods,clientId,int,10,NO,NO,NO
dbo,savedPaymentMethods,companyId,int,10,NO,NO,NO
dbo,savedPaymentMethods,stripePaymentMethodId,nvarchar,100,NO,NO,NO
dbo,savedPaymentMethods,last4,nvarchar,4,YES,NO,NO
dbo,savedPaymentMethods,brand,nvarchar,20,YES,NO,NO
dbo,savedPaymentMethods,expiryMonth,int,10,YES,NO,NO
dbo,savedPaymentMethods,expiryYear,int,10,YES,NO,NO
dbo,savedPaymentMethods,isDefault,bit,,NO,NO,NO
dbo,savedPaymentMethods,createdAt,datetime2,,NO,NO,NO
dbo,savedPaymentMethods,updatedAt,datetime2,,YES,NO,NO
dbo,onboardingReminders,reminderId,int,10,NO,YES,NO
dbo,onboardingReminders,clientId,int,10,NO,NO,NO
dbo,onboardingReminders,companyId,int,10,NO,NO,NO
dbo,onboardingReminders,missingSteps,nvarchar,500,NO,NO,NO
dbo,onboardingReminders,sentAt,datetime2,,NO,NO,NO
dbo,loans,loanId,int,10,NO,YES,NO
dbo,loans,companyId,int,10,NO,NO,NO
dbo,loans,loanNumber,nvarchar,50,NO,NO,NO
dbo,loans,clientId,int,10,NO,NO,NO
dbo,loans,principalAmount,decimal,18,NO,NO,NO
dbo,loans,interestRate,decimal,5,NO,NO,NO
dbo,loans,termMonths,int,10,NO,NO,NO
dbo,loans,paymentFrequency,nvarchar,20,NO,NO,NO
dbo,loans,approvedAmount,decimal,18,YES,NO,NO
dbo,loans,totalRepaymentAmount,decimal,18,YES,NO,NO
dbo,loans,disbursementDate,datetime2,,YES,NO,NO
dbo,loans,maturityDate,datetime2,,YES,NO,NO
dbo,loans,loanStatus,nvarchar,30,NO,NO,NO
dbo,loans,notes,nvarchar,-1,YES,NO,NO
dbo,loans,created_At,datetime2,,NO,NO,NO
dbo,loans,updated_at,datetime2,,YES,NO,NO
dbo,legalCases,caseId,int,10,NO,YES,NO
dbo,legalCases,companyId,int,10,NO,NO,NO
dbo,legalCases,loanId,int,10,NO,NO,NO
dbo,legalCases,borrowerClientId,int,10,NO,NO,NO
dbo,legalCases,lenderClientId,int,10,NO,NO,NO
dbo,legalCases,lenderUserId,int,10,YES,NO,NO
dbo,legalCases,lawyerClientId,int,10,YES,NO,NO
dbo,legalCases,lawyerUserId,int,10,YES,NO,NO
dbo,legalCases,lawyerName,nvarchar,200,YES,NO,NO
dbo,legalCases,caseStatus,nvarchar,30,NO,NO,NO
dbo,legalCases,caseStage,nvarchar,50,YES,NO,NO
dbo,legalCases,overdueAmount,decimal,14,YES,NO,NO
dbo,legalCases,recoveredAmount,decimal,14,YES,NO,NO
dbo,legalCases,embargoExecutedAt,datetime2,,YES,NO,NO
dbo,legalCases,closedAt,datetime2,,YES,NO,NO
dbo,legalCases,statusNote,nvarchar,-1,YES,NO,NO
dbo,legalCases,created_At,datetime2,,NO,NO,NO
dbo,legalCases,updated_at,datetime2,,YES,NO,NO
